{"inputUnits":[63],"outputUnits":3,"inputs":{"0":{"dtype":"number","min":0.13953880965709686,"max":0.782710075378418},"1":{"dtype":"number","min":0.2365652322769165,"max":0.9234926700592041},"2":{"dtype":"number","min":-4.541183873385535e-9,"max":7.162037718444481e-7},"3":{"dtype":"number","min":0.15220624208450317,"max":0.8181848526000977},"4":{"dtype":"number","min":0.22330614924430847,"max":0.9068838357925415},"5":{"dtype":"number","min":-0.03496852517127991,"max":0.029081368818879128},"6":{"dtype":"number","min":0.16618917882442474,"max":0.8324315547943115},"7":{"dtype":"number","min":0.27392590045928955,"max":0.8747056126594543},"8":{"dtype":"number","min":-0.052264995872974396,"max":0.031921640038490295},"9":{"dtype":"number","min":0.1927817463874817,"max":0.8472346067428589},"10":{"dtype":"number","min":0.33232834935188293,"max":0.8457514643669128},"11":{"dtype":"number","min":-0.06700797379016876,"max":0.024758120998740196},"12":{"dtype":"number","min":0.22209490835666656,"max":0.8687261939048767},"13":{"dtype":"number","min":0.30735108256340027,"max":0.8259178400039673},"14":{"dtype":"number","min":-0.08157656341791153,"max":0.0170919019728899},"15":{"dtype":"number","min":0.16511233150959015,"max":0.7723860740661621},"16":{"dtype":"number","min":0.28692933917045593,"max":0.7938058376312256},"17":{"dtype":"number","min":-0.04008514806628227,"max":0.014170685783028603},"18":{"dtype":"number","min":0.17742979526519775,"max":0.7892349362373352},"19":{"dtype":"number","min":0.21816647052764893,"max":0.7476995587348938},"20":{"dtype":"number","min":-0.05804973095655441,"max":0.003916063811630011},"21":{"dtype":"number","min":0.18163934350013733,"max":0.7987017035484314},"22":{"dtype":"number","min":0.1545659601688385,"max":0.7185646295547485},"23":{"dtype":"number","min":-0.0718877837061882,"max":-0.0018881361465901136},"24":{"dtype":"number","min":0.18294990062713623,"max":0.8115887641906738},"25":{"dtype":"number","min":0.10436826944351196,"max":0.6918251514434814},"26":{"dtype":"number","min":-0.0846203863620758,"max":-0.005855157505720854},"27":{"dtype":"number","min":0.1575126349925995,"max":0.7889562249183655},"28":{"dtype":"number","min":0.27811554074287415,"max":0.7776191830635071},"29":{"dtype":"number","min":-0.05284268036484718,"max":0.0039342776872217655},"30":{"dtype":"number","min":0.1585923284292221,"max":0.8407636880874634},"31":{"dtype":"number","min":0.1964627057313919,"max":0.7216283679008484},"32":{"dtype":"number","min":-0.06858895719051361,"max":-0.013413231819868088},"33":{"dtype":"number","min":0.15850749611854553,"max":0.8572975993156433},"34":{"dtype":"number","min":0.1472875326871872,"max":0.7169237732887268},"35":{"dtype":"number","min":-0.07054702192544937,"max":-0.01621316373348236},"36":{"dtype":"number","min":0.15778188407421112,"max":0.8735308051109314},"37":{"dtype":"number","min":0.10715433955192566,"max":0.7408378720283508},"38":{"dtype":"number","min":-0.07876813411712646,"max":-0.013476662337779999},"39":{"dtype":"number","min":0.12620633840560913,"max":0.8177633881568909},"40":{"dtype":"number","min":0.283670574426651,"max":0.7745211124420166},"41":{"dtype":"number","min":-0.06215086579322815,"max":-0.006750847678631544},"42":{"dtype":"number","min":0.12142859399318695,"max":0.8488911390304565},"43":{"dtype":"number","min":0.2072705328464508,"max":0.7231247425079346},"44":{"dtype":"number","min":-0.07098130136728287,"max":-0.016588523983955383},"45":{"dtype":"number","min":0.11833198368549347,"max":0.8468632698059082},"46":{"dtype":"number","min":0.1599859744310379,"max":0.7380591630935669},"47":{"dtype":"number","min":-0.06975250691175461,"max":-0.013767264783382416},"48":{"dtype":"number","min":0.11665146052837372,"max":0.8291224837303162},"49":{"dtype":"number","min":0.12104815244674683,"max":0.758743166923523},"50":{"dtype":"number","min":-0.07951942831277847,"max":-0.008136852644383907},"51":{"dtype":"number","min":0.09647797793149948,"max":0.8351848721504211},"52":{"dtype":"number","min":0.30389532446861267,"max":0.7926977872848511},"53":{"dtype":"number","min":-0.07455208152532578,"max":-0.016521284356713295},"54":{"dtype":"number","min":0.08177173882722855,"max":0.8429114818572998},"55":{"dtype":"number","min":0.24928325414657593,"max":0.7679427266120911},"56":{"dtype":"number","min":-0.07212992012500763,"max":-0.010873989202082157},"57":{"dtype":"number","min":0.07265782356262207,"max":0.8459947109222412},"58":{"dtype":"number","min":0.2144421637058258,"max":0.7726129293441772},"59":{"dtype":"number","min":-0.07145281881093979,"max":-0.001660365960560739},"60":{"dtype":"number","min":0.0655394122004509,"max":0.8410800099372864},"61":{"dtype":"number","min":0.18177388608455658,"max":0.7878155708312988},"62":{"dtype":"number","min":-0.0775027796626091,"max":0.008494051173329353}},"outputs":{"label":{"dtype":"string","min":0,"max":1,"uniqueValues":["pause","fullscreen","mute"],"legend":{"pause":[1,0,0],"fullscreen":[0,1,0],"mute":[0,0,1]}}},"isNormalized":true}